build,race,faction,dps,stdev,standard_error,iterations,oom_seconds,spell_hit_adjustment,melee_hit_adjustment,spell_hit_final,melee_hit_final,hit_budget_model,hit_rating_delta,offensive_budget_before,budget_balance,talents
Balance,Tauren,Horde,592.1898749356773,17.59937578977092,0.24889275931194738,5000,0.015454545601999999,5.1,5.1,16,16,linear-v1,51,512.4285714285713,-6.217248937900877e-15,5232220115501351--505003
Balance,Windshaper,Horde,589.700303104564,17.647629432741375,0.2495751688751746,5000,0.0181599912956,6.1,6.1,16,16,linear-v1,61,512.4285714285713,-6.217248937900877e-15,5232220115501351--505003
Balance,Night Elf,Alliance,592.2969784676181,17.662507934156956,0.24978558266007164,5000,0.015515454689399993,6.1,6.1,16,16,linear-v1,61,512.4285714285713,-6.217248937900877e-15,5232220115501351--505003
Balance,High Order,Alliance,589.700303104564,17.647629432741375,0.2495751688751746,5000,0.0181599912956,6.1,6.1,16,16,linear-v1,61,512.4285714285713,-6.217248937900877e-15,5232220115501351--505003
Feral,Tauren,Horde,602.0770454852543,14.381385370647434,0.2033835023688362,5000,0,0.09999999999999964,0.09999999999999964,9,9,linear-v1,0.9999999999999964,407,-5.551115123125783e-17,050022-3521002023032213041-053
Feral,Windshaper,Horde,602.6752723132923,14.149444147938176,0.2001033581405479,5000,0,1.0999999999999996,1.0999999999999996,9,9,linear-v1,10.999999999999996,407,4.440892098500626e-16,050022-3521002023032213041-053
Feral,Night Elf,Alliance,603.0211237143943,14.404643083767997,0.20371241610208504,5000,0,2.0999999999999996,2.0999999999999996,9,9,linear-v1,20.999999999999996,421,0,050022-3521002023032213041-053
Feral,High Order,Alliance,602.6752723132923,14.149444147938176,0.2001033581405479,5000,0,1.0999999999999996,1.0999999999999996,9,9,linear-v1,10.999999999999996,407,4.440892098500626e-16,050022-3521002023032213041-053
Elemental,Orc,Horde,507.76177956711035,14.585124994092757,0.20626481575552785,5000,0.1274,4.1,4.1,16,16,linear-v1,41,512.4285714285714,3.552713678800501e-15,5502301500123031-0500001-053050001
Elemental,Tauren,Horde,507.3632742365646,14.567845173322112,0.20602044218663562,5000,0.1281,3.0999999999999996,3.0999999999999996,16,16,linear-v1,30.999999999999996,512.4285714285714,3.552713678800501e-15,5502301500123031-0500001-053050001
Elemental,Troll,Horde,505.6044023158382,14.57397465032093,0.20610712608165543,5000,0.11765363643280007,4.1,4.1,16,16,linear-v1,41,512.4285714285714,3.552713678800501e-15,5502301500123031-0500001-053050001
Elemental,Windshaper,Horde,505.06284213818395,14.535128381404938,0.20555775687816955,5000,0.11702871827920028,4.1,4.1,16,16,linear-v1,41,512.4285714285714,3.552713678800501e-15,5502301500123031-0500001-053050001
Elemental,Dwarf,Alliance,503.04497850145174,14.463968107834166,0.2045513986383099,5000,0.1469,4.1,4.1,16,16,linear-v1,41,512.4285714285714,3.552713678800501e-15,5502301500123031-0500001-053050001
Stormcaller,Orc,Horde,528.3923683991976,15.665762741254461,0.22154734133601173,5000,1.4174,8.1,8.1,16,16,linear-v1,81,514.4285714285714,3.552713678800501e-15,550032150010303-055030031004002
Stormcaller,Tauren,Horde,527.549343706055,15.75673245861695,0.22283384741660453,5000,1.4296,7.1,7.1,16,16,linear-v1,71,514.4285714285714,3.552713678800501e-15,550032150010303-055030031004002
Stormcaller,Troll,Horde,523.888913777314,15.985506943315974,0.22606920720646728,5000,1.4368800000147925,8.1,8.1,16,16,linear-v1,81,514.4285714285714,3.552713678800501e-15,550032150010303-055030031004002
Stormcaller,Windshaper,Horde,525.5261170141171,16.113077973008338,0.2278733340100357,5000,1.473869803341797,8.1,8.1,16,16,linear-v1,81,514.4285714285714,3.552713678800501e-15,550032150010303-055030031004002
Stormcaller,Dwarf,Alliance,523.990159555097,15.680193593213662,0.22175142440158474,5000,1.4149,8.1,8.1,16,16,linear-v1,81,514.4285714285714,3.552713678800501e-15,550032150010303-055030031004002
Enhancement,Orc,Horde,692.1816265902951,39.948617423472044,0.564958765583283,5000,36.64971679637958,12.1,12.1,16,16,linear-v1,121,521.5714285714286,1.0658141036401503e-14,05043305-055030031005102051
Enhancement,Tauren,Horde,693.8823317026737,39.68505126341647,0.5612313772019509,5000,29.73866761281443,12,12,16,16,linear-v1,120,536,0,05043305-055030031005102051
Enhancement,Troll,Horde,688.2428298578843,39.93354909506489,0.5647456672393261,5000,28.31601032424596,12.1,12.1,16,16,linear-v1,121,517.8571428571429,1.4210854715202004e-14,05043305-055030031005102051
Enhancement,Windshaper,Horde,689.5142555108811,40.55543189252828,0.5735404181031185,5000,32.23529638218803,13,13,16,16,linear-v1,130,527,3.552713678800501e-15,05043305-055030031005102051
Enhancement,Dwarf,Alliance,695.8782422303678,39.81327616778442,0.5630447511898625,5000,32.14195182721074,12.1,12.1,16,16,linear-v1,121,531,7.105427357601002e-15,05043305-055030031005102051
Beast Mastery,Orc,Horde,880.9364302923219,21.00789291462746,0.29709647076747797,5000,0.0027300000000000002,2.0999999999999996,2.0999999999999996,9,9,linear-v1,20.999999999999996,540.4285714285714,2.220446049250313e-15,5320001505101251-00531510005
Beast Mastery,Tauren,Horde,870.9104386271963,20.618082323157026,0.2915837165153364,5000,0.00268,1.0999999999999996,1.0999999999999996,9,9,linear-v1,10.999999999999996,540.4285714285714,1.1102230246251565e-15,5320001505101251-00531510005
Beast Mastery,Troll,Horde,876.7231242964111,20.896253369590823,0.2955176491805983,5000,0.0018800000000000002,2.0999999999999996,2.0999999999999996,9,9,linear-v1,20.999999999999996,540.4285714285714,2.220446049250313e-15,5320001505101251-00531510005
Beast Mastery,Windshaper,Horde,877.4154931171499,20.90038420124085,0.2955760679620318,5000,0.0010799999999999998,2.0999999999999996,2.0999999999999996,9,9,linear-v1,20.999999999999996,540.4285714285714,2.220446049250313e-15,5320001505101251-00531510005
Beast Mastery,Human,Alliance,883.4112963226512,21.024153192187676,0.2973264258180141,5000,0.00047000000000000004,2.0999999999999996,2.0999999999999996,9,9,linear-v1,20.999999999999996,540.4285714285714,2.220446049250313e-15,5320001505101251-00531510005
Beast Mastery,Dwarf,Alliance,868.5823988925005,20.52861807589285,0.2903185009970514,5000,0.0027099999999999997,2.0999999999999996,2.0999999999999996,9,9,linear-v1,20.999999999999996,540.4285714285714,2.220446049250313e-15,5320001505101251-00531510005
Beast Mastery,Night Elf,Alliance,880.0585737111775,20.931639408685903,0.29601808334466756,5000,0.0031400000000000004,2.0999999999999996,2.0999999999999996,9,9,linear-v1,20.999999999999996,540.4285714285714,2.220446049250313e-15,5320001505101251-00531510005
Beast Mastery,High Order,Alliance,877.4154931171499,20.90038420124085,0.2955760679620318,5000,0.0010799999999999998,2.0999999999999996,2.0999999999999996,9,9,linear-v1,20.999999999999996,540.4285714285714,2.220446049250313e-15,5320001505101251-00531510005
Marksmanship,Orc,Horde,851.2670088375805,22.361022423757245,0.3162326118020639,5000,0.024322530078199997,2.0999999999999996,2.0999999999999996,9,9,linear-v1,20.999999999999996,540.4285714285714,2.220446049250313e-15,5023000503-0053451001503051
Marksmanship,Tauren,Horde,840.4231190348837,21.994791536955756,0.311053324931318,5000,0.022542530078200004,1.0999999999999996,1.0999999999999996,9,9,linear-v1,10.999999999999996,540.4285714285714,1.1102230246251565e-15,5023000503-0053451001503051
Marksmanship,Troll,Horde,845.0013062799409,21.98482862699617,0.3109124281074625,5000,0.031939999999999996,2.0999999999999996,2.0999999999999996,9,9,linear-v1,20.999999999999996,540.4285714285714,2.220446049250313e-15,5023000503-0053451001503051
Marksmanship,Windshaper,Horde,846.5668584381636,22.155974076356785,0.3133327902637047,5000,0.02025,2.0999999999999996,2.0999999999999996,9,9,linear-v1,20.999999999999996,540.4285714285714,2.220446049250313e-15,5023000503-0053451001503051
Marksmanship,Human,Alliance,853.9059347565541,22.399725714007932,0.3167799589818738,5000,0.011230000000000002,2.0999999999999996,2.0999999999999996,9,9,linear-v1,20.999999999999996,540.4285714285714,2.220446049250313e-15,5023000503-0053451001503051
Marksmanship,Dwarf,Alliance,837.7669478997559,21.82442890507865,0.30864403348609626,5000,0.023742530078200003,2.0999999999999996,2.0999999999999996,9,9,linear-v1,20.999999999999996,540.4285714285714,2.220446049250313e-15,5023000503-0053451001503051
Marksmanship,Night Elf,Alliance,850.0425008789774,22.190882392946865,0.3138264684113178,5000,0.015898147814,2.0999999999999996,2.0999999999999996,9,9,linear-v1,20.999999999999996,540.4285714285714,2.220446049250313e-15,5023000503-0053451001503051
Marksmanship,High Order,Alliance,846.5668584381636,22.155974076356785,0.3133327902637047,5000,0.02025,2.0999999999999996,2.0999999999999996,9,9,linear-v1,20.999999999999996,540.4285714285714,2.220446049250313e-15,5023000503-0053451001503051
Survival,Orc,Horde,791.4666808364159,32.47689072365066,0.4592925932509573,5000,0,0.09999999999999964,0.09999999999999964,9,9,linear-v1,0.9999999999999964,460,2.7755575615628914e-17,502-0050051-230230230250022151
Survival,Tauren,Horde,780.0515795678946,32.016631948211725,0.45278355122668745,5000,0,-0.9000000000000004,-0.9000000000000004,9,9,linear-v1,-9.000000000000004,460,0,502-0050051-230230230250022151
Survival,Troll,Horde,783.4870268021626,31.47578358381032,0.4451348003054497,5000,0,0.09999999999999964,0.09999999999999964,9,9,linear-v1,0.9999999999999964,460,2.7755575615628914e-17,502-0050051-230230230250022151
Survival,Windshaper,Horde,786.4684567381724,31.538099963083468,0.44601608699271045,5000,0,0.09999999999999964,0.09999999999999964,9,9,linear-v1,0.9999999999999964,460,2.7755575615628914e-17,502-0050051-230230230250022151
Survival,Human,Alliance,795.7012822118229,32.53134668509241,0.4600627168431871,5000,0,0.09999999999999964,0.09999999999999964,9,9,linear-v1,0.9999999999999964,465,0,502-0050051-230230230250022151
Survival,Dwarf,Alliance,776.1411576490005,31.838479906317144,0.4502641008885697,5000,0,0.09999999999999964,0.09999999999999964,9,9,linear-v1,0.9999999999999964,460,2.7755575615628914e-17,502-0050051-230230230250022151
Survival,Night Elf,Alliance,788.8231509344005,32.37565345731194,0.4578608821002193,5000,0,0.09999999999999964,0.09999999999999964,9,9,linear-v1,0.9999999999999964,465,0,502-0050051-230230230250022151
Survival,High Order,Alliance,786.4684567381724,31.538099963083468,0.44601608699271045,5000,0,0.09999999999999964,0.09999999999999964,9,9,linear-v1,0.9999999999999964,460,2.7755575615628914e-17,502-0050051-230230230250022151
Arcane,Orc,Horde,704.4693109339648,31.558704432614686,0.446307478195276,5000,0.09275,2.0999999999999996,2.0999999999999996,11,11,linear-v1,20.999999999999996,487.57142857142856,1.7763568394002505e-15,053005023100311531-03-005500032
Arcane,Troll,Horde,701.6375718626244,30.915943453377775,0.4372174652532655,5000,0.10499636364239993,2.0999999999999996,2.0999999999999996,11,11,linear-v1,20.999999999999996,487.57142857142856,1.7763568394002505e-15,053005023100311531-03-005500032
Arcane,Undead,Horde,715.1374090627637,32.4330321089298,0.4586723387733059,5000,0.1014,2.0999999999999996,2.0999999999999996,11,11,linear-v1,20.999999999999996,487.57142857142856,1.7763568394002505e-15,053005023100311531-03-005500032
Arcane,Human,Alliance,700.0042562135353,31.06161660456873,0.43927759471414424,5000,0.08085,2.0999999999999996,2.0999999999999996,11,11,linear-v1,20.999999999999996,487.57142857142856,1.7763568394002505e-15,053005023100311531-03-005500032
Arcane,Gnome,Alliance,706.8188584860782,30.797317563902585,0.4355398418358216,5000,0.0389,2.0999999999999996,2.0999999999999996,11,11,linear-v1,20.999999999999996,487.57142857142856,1.7763568394002505e-15,053005023100311531-03-005500032
Arcane,High Order,Alliance,703.9798736011857,31.17256857087363,0.44084669246934777,5000,0.11956000016999999,2.0999999999999996,2.0999999999999996,11,11,linear-v1,20.999999999999996,487.57142857142856,1.7763568394002505e-15,053005023100311531-03-005500032
Fire,Orc,Horde,952.3658670805838,60.80406820290409,0.8598993790000563,5000,1.9342300000000006,4.1,4.1,13,13,linear-v1,41,487.57142857142856,-5.329070518200751e-15,0501252000002-23450000130133051-003
Fire,Troll,Horde,940.9347170006486,59.703774533510654,0.8443388767015617,5000,1.75039,4.1,4.1,13,13,linear-v1,41,487.57142857142856,-5.329070518200751e-15,0501252000002-23450000130133051-003
Fire,Undead,Horde,960.0117919657644,58.55087916572072,0.8280344740503053,5000,1.4360700000000002,3.0999999999999996,3.0999999999999996,13,13,linear-v1,30.999999999999996,489.57142857142856,-8.881784197001252e-16,0501252000002-23450000130133051-003
Fire,Human,Alliance,947.8797765930883,58.53147932844339,0.827760118920451,5000,1.5025900000000008,3.0999999999999996,3.0999999999999996,13,13,linear-v1,30.999999999999996,489.57142857142856,-8.881784197001252e-16,0501252000002-23450000130133051-003
Fire,Gnome,Alliance,949.8721826549163,55.401563591324525,0.7834964260752662,5000,1.0442499999999997,4.1,4.1,13,13,linear-v1,41,487.57142857142856,-5.329070518200751e-15,0501252000002-23450000130133051-003
Fire,High Order,Alliance,949.419750976862,59.45542772459542,0.8408267224481616,5000,1.6103205940612006,4.1,4.1,13,13,linear-v1,41,487.57142857142856,-5.329070518200751e-15,0501252000002-23450000130133051-003
Frost,Orc,Horde,697.6350704320494,30.18155646598818,0.4268316648772986,5000,0.06515,2.0999999999999996,2.0999999999999996,11,11,linear-v1,20.999999999999996,487.57142857142856,1.7763568394002505e-15,050005001-03-0555003321001301251
Frost,Troll,Horde,698.103102747736,30.178277983057136,0.42678530012704774,5000,0.06339272731200002,2.0999999999999996,2.0999999999999996,11,11,linear-v1,20.999999999999996,487.57142857142856,1.7763568394002505e-15,050005001-03-0555003321001301251
Frost,Undead,Horde,701.2818714168045,30.303825037559093,0.42856080359897436,5000,0.07205,2.0999999999999996,2.0999999999999996,11,11,linear-v1,20.999999999999996,487.57142857142856,1.7763568394002505e-15,050005001-03-0555003321001301251
Frost,Human,Alliance,693.5466100026133,30.093972785987624,0.4255930445963053,5000,0.0691,2.0999999999999996,2.0999999999999996,11,11,linear-v1,20.999999999999996,487.57142857142856,1.7763568394002505e-15,050005001-03-0555003321001301251
Frost,Gnome,Alliance,699.6763932822611,29.975207378300578,0.42391344809338743,5000,0.0487,2.0999999999999996,2.0999999999999996,11,11,linear-v1,20.999999999999996,487.57142857142856,1.7763568394002505e-15,050005001-03-0555003321001301251
Frost,High Order,Alliance,699.4700019382055,30.1219484490838,0.42598868021797526,5000,0.062613663796,2.0999999999999996,2.0999999999999996,11,11,linear-v1,20.999999999999996,487.57142857142856,1.7763568394002505e-15,050005001-03-0555003321001301251
Retribution,Undead,Horde,1090.6863287381102,34.14214373394755,0.48284282717040206,5000,0,3.0999999999999996,3.0999999999999996,9,9,linear-v1,30.999999999999996,494.42857142857144,0,250003002--052253312012331321
Retribution,Human,Alliance,1069.5052296044894,34.48765213131896,0.4877290537851665,5000,0,3.0999999999999996,3.0999999999999996,9,9,linear-v1,30.999999999999996,494.42857142857144,0,250003002--052253312012331321
Retribution,Dwarf,Alliance,1067.759928836205,34.02406152142767,0.4811728925061957,5000,0,3.0999999999999996,3.0999999999999996,9,9,linear-v1,30.999999999999996,494.42857142857144,0,250003002--052253312012331321
Shadow,Troll,Horde,764.2136439760687,14.585520621451703,0.20627041077129452,5000,0,2.0999999999999996,2.0999999999999996,11,11,linear-v1,20.999999999999996,479.57142857142856,-1.7763568394002505e-15,005300231303--505120501201300051
Shadow,Undead,Horde,773.7967410034164,14.772030965034258,0.20890806534546766,5000,0,2.0999999999999996,2.0999999999999996,11,11,linear-v1,20.999999999999996,479.57142857142856,-1.7763568394002505e-15,005300231303--505120501201300051
Shadow,Human,Alliance,765.0612605132329,14.643017980946807,0.20708354622728067,5000,0,2.0999999999999996,2.0999999999999996,11,11,linear-v1,20.999999999999996,479.57142857142856,-1.7763568394002505e-15,005300231303--505120501201300051
Shadow,Dwarf,Alliance,764.8929322744622,14.680255955394385,0.20761017071227136,5000,0,2.0999999999999996,2.0999999999999996,11,11,linear-v1,20.999999999999996,479.57142857142856,-1.7763568394002505e-15,005300231303--505120501201300051
Shadow,Night Elf,Alliance,770.5710288312252,14.858107005795468,0.21012536438786647,5000,0,2.0999999999999996,2.0999999999999996,11,11,linear-v1,20.999999999999996,479.57142857142856,-1.7763568394002505e-15,005300231303--505120501201300051
Shadow,Gnome,Alliance,771.0685253670588,14.767735742646813,0.20884732172793033,5000,0,2.0999999999999996,2.0999999999999996,11,11,linear-v1,20.999999999999996,479.57142857142856,-1.7763568394002505e-15,005300231303--505120501201300051
Smite,Troll,Horde,597.6711552998814,11.748459062716417,0.16614830143478657,5000,2.9999999999999997e-05,-7.9,-7.9,0,0,linear-v1,-79,467.4285714285714,1.7763568394002505e-15,515030031305001031-00505023002-003
Smite,Undead,Horde,601.2817935642023,11.519955957245022,0.16291677952676642,5000,7e-05,-5.9,-5.9,0,0,linear-v1,-59,471.4285714285714,-2.6645352591003757e-15,515030031305001031-00505023002-003
Smite,Human,Alliance,596.3407936400858,11.436773879667035,0.1617404073041948,5000,0,-5.9,-5.9,0,0,linear-v1,-59,471.4285714285714,-2.6645352591003757e-15,515030031305001031-00505023002-003
Smite,Dwarf,Alliance,595.4946300673226,11.492850914331145,0.1625334563337913,5000,0,-5.9,-5.9,0,0,linear-v1,-59,471.4285714285714,-2.6645352591003757e-15,515030031305001031-00505023002-003
Smite,Night Elf,Alliance,598.9842678979736,11.689375108043333,0.16531272813461342,5000,0,-5.9,-5.9,0,0,linear-v1,-59,471.4285714285714,-2.6645352591003757e-15,515030031305001031-00505023002-003
Smite,Gnome,Alliance,600.88892578143,11.60870428568989,0.16417187042401316,5000,0,-5.9,-5.9,0,0,linear-v1,-59,471.4285714285714,-2.6645352591003757e-15,515030031305001031-00505023002-003
Combat,Orc,Horde,606.8828968574617,19.293880282863146,0.2728566716682791,5000,0,7.1,7.1,16,16,linear-v1,71,427,3.552713678800501e-15,005303103012-32003311201515231
Combat,Troll,Horde,606.3592517446335,18.984551902417913,0.26848210775975356,5000,0,7.1,7.1,16,16,linear-v1,71,427,3.552713678800501e-15,005303103012-32003311201515231
Combat,Undead,Horde,625.3037036143597,19.08420456428765,0.26989140921918114,5000,0,7.1,7.1,16,16,linear-v1,71,427,3.552713678800501e-15,005303103012-32003311201515231
Combat,Windshaper,Horde,609.8287605377066,19.091988015673863,0.2700014838443057,5000,0,7.1,7.1,16,16,linear-v1,71,426,3.552713678800501e-15,005303103012-32003311201515231
Combat,Human,Alliance,611.013045117304,19.465561235164028,0.27528460697972945,5000,0,7.1,7.1,16,16,linear-v1,71,427,3.552713678800501e-15,005303103012-32003311201515231
Combat,Dwarf,Alliance,600.779523550793,19.097708937365596,0.27008238989476296,5000,0,7.1,7.1,16,16,linear-v1,71,427,3.552713678800501e-15,005303103012-32003311201515231
Combat,Night Elf,Alliance,608.7871381668114,19.279522480548348,0.27265362168068447,5000,0,7.1,7.1,16,16,linear-v1,71,427,3.552713678800501e-15,005303103012-32003311201515231
Combat,Gnome,Alliance,609.0585916562338,19.497193192305065,0.275731950407662,5000,0,7.1,7.1,16,16,linear-v1,71,427,3.552713678800501e-15,005303103012-32003311201515231
Combat,High Order,Alliance,609.8287605377066,19.091988015673863,0.2700014838443057,5000,0,7.1,7.1,16,16,linear-v1,71,426,3.552713678800501e-15,005303103012-32003311201515231
Mutilate,Orc,Horde,608.7734481629109,19.983288377019356,0.28260637443593406,5000,0,8.1,8.1,16,16,linear-v1,81,439,-3.552713678800501e-15,0053031035140105-302303202014
Mutilate,Troll,Horde,605.4203209774239,19.804213154331325,0.2800738683498301,5000,0,7.1,7.1,16,16,linear-v1,71,427,3.552713678800501e-15,0053031035140105-302303202014
Mutilate,Undead,Horde,629.7270122722097,20.72030440850153,0.29302935511001893,5000,0,8.1,8.1,16,16,linear-v1,81,436,-7.105427357601002e-15,0053031035140105-302303202014
Mutilate,Windshaper,Horde,610.8577984992265,20.104740393889657,0.28432396533028953,5000,0,7.1,7.1,16,16,linear-v1,71,426,3.552713678800501e-15,0053031035140105-302303202014
Mutilate,Human,Alliance,604.675910672196,19.779843735722615,0.2797292327267943,5000,0,8.1,8.1,16,16,linear-v1,81,439,-3.552713678800501e-15,0053031035140105-302303202014
Mutilate,Dwarf,Alliance,603.8160661893224,19.84620274388022,0.28066769082001536,5000,0,8.1,8.1,16,16,linear-v1,81,435,-1.0658141036401503e-14,0053031035140105-302303202014
Mutilate,Night Elf,Alliance,613.3815257015455,19.726666513358506,0.2789771932360277,5000,0,7.1,7.1,16,16,linear-v1,71,426,3.552713678800501e-15,0053031035140105-302303202014
Mutilate,Gnome,Alliance,616.6712937646524,20.35722219044894,0.2878945971397542,5000,0,7.1,7.1,16,16,linear-v1,71,426,3.552713678800501e-15,0053031035140105-302303202014
Mutilate,High Order,Alliance,610.8577984992265,20.104740393889657,0.28432396533028953,5000,0,7.1,7.1,16,16,linear-v1,71,426,3.552713678800501e-15,0053031035140105-302303202014
Subtlety,Orc,Horde,548.7395909122976,15.06098386615424,0.21299447646197697,5000,0,10.1,10.1,16,16,linear-v1,101,431,-1.4210854715202004e-14,115303101104--5320003310013211501
Subtlety,Troll,Horde,542.0709069482732,15.463636928245581,0.21868885067538327,5000,0,10.1,10.1,16,16,linear-v1,101,427,-7.105427357601002e-15,115303101104--5320003310013211501
Subtlety,Undead,Horde,572.2707120481793,16.214860747405712,0.229312759809723,5000,0,10.1,10.1,16,16,linear-v1,101,427,-7.105427357601002e-15,115303101104--5320003310013211501
Subtlety,Windshaper,Horde,540.2877246204054,15.378637308919357,0.2174867745309063,5000,0,10.1,10.1,16,16,linear-v1,101,427,-7.105427357601002e-15,115303101104--5320003310013211501
Subtlety,Human,Alliance,554.3529112325336,15.140978146870061,0.21412576642898293,5000,0,10.1,10.1,16,16,linear-v1,101,427,-7.105427357601002e-15,115303101104--5320003310013211501
Subtlety,Dwarf,Alliance,542.7541675492629,14.841788265179511,0.20989458254486715,5000,0,10.1,10.1,16,16,linear-v1,101,431,-1.4210854715202004e-14,115303101104--5320003310013211501
Subtlety,Night Elf,Alliance,551.6123666264969,15.059297625665204,0.2129706294202868,5000,0,10.1,10.1,16,16,linear-v1,101,431,-1.4210854715202004e-14,115303101104--5320003310013211501
Subtlety,Gnome,Alliance,546.9619029401856,15.64002724248546,0.22118338642207616,5000,0,10.1,10.1,16,16,linear-v1,101,431,-1.4210854715202004e-14,115303101104--5320003310013211501
Subtlety,High Order,Alliance,540.2877246204054,15.378637308919357,0.2174867745309063,5000,0,10.1,10.1,16,16,linear-v1,101,427,-7.105427357601002e-15,115303101104--5320003310013211501
Demonic Pact,Orc,Horde,809.373397415231,29.342196294508017,0.4149613194950681,5000,0,5.1,5.1,16,16,linear-v1,51,493.99999999999994,-8.881784197001252e-15,011-0005003221220311351-0550005003
Demonic Pact,Troll,Horde,801.4772398857909,28.81353742730106,0.40748495409633934,5000,0,6.1,6.1,16,16,linear-v1,61,491.99999999999994,-5.329070518200751e-15,011-0005003221220311351-0550005003
Demonic Pact,Undead,Horde,811.4805051939932,28.78182657573337,0.40703649493272503,5000,0,6.1,6.1,16,16,linear-v1,61,491.99999999999994,-5.329070518200751e-15,011-0005003221220311351-0550005003
Demonic Pact,Human,Alliance,801.3623671632922,28.641873623896874,0.4050572613069119,5000,0,5.1,5.1,16,16,linear-v1,51,493.99999999999994,-8.881784197001252e-15,011-0005003221220311351-0550005003
Demonic Pact,Gnome,Alliance,813.3128760298133,29.096086795620238,0.4114808055835087,5000,0,6.1,6.1,16,16,linear-v1,61,491.99999999999994,-5.329070518200751e-15,011-0005003221220311351-0550005003
Affliction,Orc,Horde,802.1983179675141,31.74687261770907,0.4489685781889521,5000,0.009,2.0999999999999996,2.0999999999999996,16,16,linear-v1,20.999999999999996,491.99999999999994,-1.7763568394002505e-15,2525000013520105--0550015103
Affliction,Troll,Horde,796.2928310316787,31.149035779951912,0.4405138885485279,5000,0.006527272779200001,2.0999999999999996,2.0999999999999996,16,16,linear-v1,20.999999999999996,491.99999999999994,-1.7763568394002505e-15,2525000013520105--0550015103
Affliction,Undead,Horde,803.3110846931924,31.62341457864453,0.4472226178566615,5000,0.0084,2.0999999999999996,2.0999999999999996,16,16,linear-v1,20.999999999999996,491.99999999999994,-1.7763568394002505e-15,2525000013520105--0550015103
Affliction,Human,Alliance,793.9152800688423,31.361253675783342,0.4435151028131588,5000,0.0099,2.0999999999999996,2.0999999999999996,16,16,linear-v1,20.999999999999996,491.99999999999994,-1.7763568394002505e-15,2525000013520105--0550015103
Affliction,Gnome,Alliance,807.0820392054915,32.36657774934004,0.4577325322071993,5000,0.0039,2.0999999999999996,2.0999999999999996,16,16,linear-v1,20.999999999999996,491.99999999999994,-1.7763568394002505e-15,2525000013520105--0550015103
DS/Ruin,Orc,Horde,762.5819056365287,34.77579642109858,0.49180402941043355,5000,0.0011,2.0999999999999996,2.0999999999999996,16,16,linear-v1,20.999999999999996,491.99999999999994,-1.7763568394002505e-15,252200001351-0025003001-0550005103
DS/Ruin,Troll,Horde,756.0904690367464,34.14514345722078,0.4828852496637658,5000,0.0008636363823999997,2.0999999999999996,2.0999999999999996,16,16,linear-v1,20.999999999999996,491.99999999999994,-1.7763568394002505e-15,252200001351-0025003001-0550005103
DS/Ruin,Undead,Horde,764.9995040460491,34.35571864157965,0.48586323247996105,5000,0.0015,2.0999999999999996,2.0999999999999996,16,16,linear-v1,20.999999999999996,491.99999999999994,-1.7763568394002505e-15,252200001351-0025003001-0550005103
DS/Ruin,Human,Alliance,753.4144144585549,34.2900373953455,0.484934359387782,5000,0.0009,2.0999999999999996,2.0999999999999996,16,16,linear-v1,20.999999999999996,491.99999999999994,-1.7763568394002505e-15,252200001351-0025003001-0550005103
DS/Ruin,Gnome,Alliance,767.1705430368169,34.864696785024584,0.4930612704140741,5000,0.0002,2.0999999999999996,2.0999999999999996,16,16,linear-v1,20.999999999999996,491.99999999999994,-1.7763568394002505e-15,252200001351-0025003001-0550005103
Destruction,Orc,Horde,784.7450635496474,21.693223337546257,0.3067885065554645,5000,0.0013,3,3,16,16,linear-v1,30,487.57142857142856,8.881784197001252e-16,2521000003-0005-0050355103101351
Destruction,Troll,Horde,782.7263073633669,21.680098186369396,0.30660288888743936,5000,0.0003454545468,2.0999999999999996,2.0999999999999996,16,16,linear-v1,20.999999999999996,487.57142857142856,1.7763568394002505e-15,2521000003-0005-0050355103101351
Destruction,Undead,Horde,794.1918573245564,21.70738789079456,0.3069888235885516,5000,0.0012,2.0999999999999996,2.0999999999999996,16,16,linear-v1,20.999999999999996,487.57142857142856,1.7763568394002505e-15,2521000003-0005-0050355103101351
Destruction,Human,Alliance,782.3072314149565,21.09476558045742,0.29832503578964037,5000,0.001,2.0999999999999996,2.0999999999999996,16,16,linear-v1,20.999999999999996,487.57142857142856,1.7763568394002505e-15,2521000003-0005-0050355103101351
Destruction,Gnome,Alliance,790.3630783908842,21.643133014704475,0.3060801224163996,5000,0.0005,2.0999999999999996,2.0999999999999996,16,16,linear-v1,20.999999999999996,487.57142857142856,1.7763568394002505e-15,2521000003-0005-0050355103101351
Fury,Orc,Horde,951.3731265156337,37.3193348281252,0.5277750945267725,5000,0,2.0999999999999996,2.0999999999999996,9,9,linear-v1,20.999999999999996,456,1.3322676295501878e-15,20305113002-050520035151010051
Fury,Tauren,Horde,933.6482735713251,34.82421621361668,0.49248878868309737,5000,0,0.09999999999999964,0.09999999999999964,9,9,linear-v1,0.9999999999999964,445,2.7755575615628914e-17,20305113002-050520035151010051
Fury,Troll,Horde,935.2579736348988,36.8278715171942,0.5208247537294984,5000,0,1.0999999999999996,1.0999999999999996,9,9,linear-v1,10.999999999999996,439,1.3322676295501878e-15,20305113002-050520035151010051
Fury,Undead,Horde,953.8246184118057,35.208631772478775,0.4979252456523975,5000,0,2.0999999999999996,2.0999999999999996,9,9,linear-v1,20.999999999999996,456,1.3322676295501878e-15,20305113002-050520035151010051
Fury,Windshaper,Horde,932.6773113707995,35.03158941687909,0.49542148864836194,5000,0,1.0999999999999996,1.0999999999999996,9,9,linear-v1,10.999999999999996,437,-8.881784197001252e-16,20305113002-050520035151010051
Fury,Human,Alliance,946.1297069151178,35.8222403247205,0.5066029810180811,5000,0,2.0999999999999996,2.0999999999999996,9,9,linear-v1,20.999999999999996,456,1.3322676295501878e-15,20305113002-050520035151010051
Fury,Dwarf,Alliance,934.1463261971483,34.83153080699393,0.49259223265467095,5000,0,2.0999999999999996,2.0999999999999996,9,9,linear-v1,20.999999999999996,454,-8.881784197001252e-16,20305113002-050520035151010051
Fury,Night Elf,Alliance,932.1045737709973,36.047000105793614,0.5097815643247772,5000,0,1.0999999999999996,1.0999999999999996,9,9,linear-v1,10.999999999999996,437,-8.881784197001252e-16,20305113002-050520035151010051
Fury,Gnome,Alliance,923.7947168092321,36.08718047391481,0.5103498005401587,5000,0,1.0999999999999996,1.0999999999999996,9,9,linear-v1,10.999999999999996,436,0,20305113002-050520035151010051
Fury,High Order,Alliance,932.6773113707995,35.03158941687909,0.49542148864836194,5000,0,1.0999999999999996,1.0999999999999996,9,9,linear-v1,10.999999999999996,437,-8.881784197001252e-16,20305113002-050520035151010051
Arms,Orc,Horde,777.3843881204868,37.40500825244847,0.5289866997129017,5000,0,2.0999999999999996,2.0999999999999996,9,9,linear-v1,20.999999999999996,441,1.3322676295501878e-15,20305213132515001-550500000002
Arms,Tauren,Horde,775.2399937618859,36.685622111476754,0.5188130433414472,5000,0,1.0999999999999996,1.0999999999999996,9,9,linear-v1,10.999999999999996,439,8.881784197001252e-16,20305213132515001-550500000002
Arms,Troll,Horde,771.8726705421075,36.986239872942626,0.523064420495,5000,0,2.0999999999999996,2.0999999999999996,9,9,linear-v1,20.999999999999996,439,-8.881784197001252e-16,20305213132515001-550500000002
Arms,Undead,Horde,780.0163632975296,37.22269830573506,0.5264084477209254,5000,0,1.0999999999999996,1.0999999999999996,9,9,linear-v1,10.999999999999996,430,-1.3322676295501878e-15,20305213132515001-550500000002
Arms,Windshaper,Horde,773.307969625126,36.92468411526298,0.5221938906214729,5000,0,2.0999999999999996,2.0999999999999996,9,9,linear-v1,20.999999999999996,439,-8.881784197001252e-16,20305213132515001-550500000002
Arms,Human,Alliance,781.0588878977552,36.89482766122792,0.5217716565992654,5000,0,2.0999999999999996,2.0999999999999996,9,9,linear-v1,20.999999999999996,439,-8.881784197001252e-16,20305213132515001-550500000002
Arms,Dwarf,Alliance,770.6195861793425,36.44995119626476,0.5154801532959504,5000,0,2.0999999999999996,2.0999999999999996,9,9,linear-v1,20.999999999999996,441,1.3322676295501878e-15,20305213132515001-550500000002
Arms,Night Elf,Alliance,775.4418058742154,36.73932236227256,0.5195724795712299,5000,0,2.0999999999999996,2.0999999999999996,9,9,linear-v1,20.999999999999996,439,-8.881784197001252e-16,20305213132515001-550500000002
Arms,Gnome,Alliance,772.0942893174237,37.261997222042595,0.5269642183252122,5000,0,2.0999999999999996,2.0999999999999996,9,9,linear-v1,20.999999999999996,439,-8.881784197001252e-16,20305213132515001-550500000002
Arms,High Order,Alliance,773.307969625126,36.92468411526298,0.5221938906214729,5000,0,2.0999999999999996,2.0999999999999996,9,9,linear-v1,20.999999999999996,439,-8.881784197001252e-16,20305213132515001-550500000002
